Gender__Female,Gender__Male,Specialty__Cardiology,Specialty__ENT,Specialty__Gynecology,Specialty__Internal Medicine,Specialty__Specialized Dentistry,Specialty__Urology,Age_Group__45-55,Age_Group__>55,Experience_Category__11-12,Experience_Category__>20,Survey_Item_03__No,Survey_Item_03__Yes,Survey_Item_04__No,Survey_Item_04__Yes,Survey_Item_07__No,Survey_Item_07__Yes,Survey_Item_09__Neutral,Survey_Item_09__Yes,Survey_Item_25__Don't know,Survey_Item_25__Easier to explain; lack of Az terminology; sound capable,Survey_Item_25__Official language of Iran,Survey_Item_26__Express better in Persian,Survey_Item_26__Prefer both
1,0,0,0,1,0,0,0,1,0,1,0,0,1,0,1,1,0,0,1,0,1,0,1,0
1,0,0,0,1,0,0,0,1,0,1,0,0,1,1,0,1,0,0,1,0,1,0,1,0
1,0,0,0,1,0,0,0,1,0,0,1,0,1,1,0,1,0,0,1,0,1,0,1,0
1,0,0,0,1,0,0,0,1,0,1,0,1,0,1,0,1,0,0,1,0,1,0,1,0
1,0,0,0,1,0,0,0,0,1,1,0,1,0,1,0,1,0,1,0,0,1,0,1,0
1,0,0,0,1,0,0,0,1,0,1,0,1,0,1,0,1,0,0,1,0,1,0,1,0
1,0,0,0,1,0,0,0,1,0,1,0,1,0,1,0,1,0,0,1,0,1,0,0,1
1,0,0,0,1,0,0,0,1,0,0,1,1,0,1,0,1,0,0,1,1,0,0,1,0
1,0,0,0,1,0,0,0,1,0,1,0,1,0,1,0,1,0,0,1,1,0,0,1,0
1,0,0,0,1,0,0,0,0,1,1,0,1,0,0,1,0,1,1,0,0,0,1,1,0
1,0,0,0,1,0,0,0,1,0,1,0,0,1,1,0,1,0,0,1,0,1,0,1,0
1,0,0,0,1,0,0,0,1,0,1,0,0,1,1,0,1,0,0,1,0,1,0,1,0
1,0,0,0,1,0,0,0,1,0,0,1,0,1,1,0,1,0,0,1,0,1,0,1,0
1,0,0,0,1,0,0,0,1,0,1,0,1,0,1,0,1,0,0,1,0,1,0,0,1
1,0,0,0,1,0,0,0,0,1,1,0,1,0,1,0,1,0,1,0,0,1,0,1,0
1,0,0,0,1,0,0,0,1,0,1,0,1,0,1,0,1,0,0,1,0,1,0,1,0
1,0,0,0,1,0,0,0,1,0,1,0,1,0,1,0,1,0,0,1,0,1,0,1,0
1,0,0,0,1,0,0,0,1,0,0,1,1,0,1,0,1,0,0,1,1,0,0,1,0
1,0,0,0,1,0,0,0,1,0,1,0,1,0,0,1,1,0,0,1,1,0,0,1,0
1,0,0,0,1,0,0,0,0,1,1,0,1,0,1,0,0,1,1,0,0,0,1,1,0
1,0,0,0,1,0,0,0,1,0,1,0,0,1,1,0,1,0,0,1,0,1,0,0,1
1,0,0,0,1,0,0,0,1,0,1,0,0,1,1,0,1,0,0,1,0,1,0,1,0
1,0,0,0,1,0,0,0,1,0,0,1,0,1,1,0,1,0,0,1,0,1,0,1,0
1,0,0,0,1,0,0,0,1,0,1,0,1,0,1,0,1,0,0,1,0,1,0,1,0
1,0,0,0,1,0,0,0,0,1,1,0,1,0,1,0,1,0,1,0,0,1,0,1,0
1,0,0,0,1,0,0,0,1,0,1,0,1,0,1,0,1,0,0,1,0,1,0,1,0
1,0,0,0,1,0,0,0,1,0,1,0,1,0,1,0,1,0,0,1,0,1,0,1,0
1,0,0,0,1,0,0,0,1,0,0,1,1,0,0,1,1,0,0,1,1,0,0,0,1
1,0,0,0,1,0,0,0,1,0,1,0,1,0,1,0,1,0,0,1,1,0,0,1,0
1,0,0,0,1,0,0,0,0,1,1,0,1,0,1,0,0,1,1,0,0,0,1,1,0
1,0,0,0,1,0,0,0,1,0,1,0,0,1,1,0,1,0,0,1,0,1,0,1,0
1,0,0,0,1,0,0,0,1,0,1,0,0,1,1,0,1,0,0,1,0,1,0,1,0
1,0,0,0,1,0,0,0,1,0,0,1,0,1,1,0,1,0,0,1,0,1,0,1,0
1,0,0,0,1,0,0,0,1,0,1,0,1,0,1,0,1,0,0,1,0,1,0,1,0
1,0,0,0,1,0,0,0,0,1,1,0,1,0,1,0,1,0,1,0,0,1,0,0,1
1,0,0,0,1,0,0,0,1,0,1,0,1,0,1,0,1,0,0,1,0,1,0,1,0
1,0,0,0,1,0,0,0,1,0,1,0,1,0,0,1,1,0,0,1,0,1,0,1,0
1,0,0,0,1,0,0,0,1,0,0,1,1,0,1,0,1,0,0,1,1,0,0,1,0
1,0,0,0,1,0,0,0,1,0,1,0,1,0,1,0,1,0,0,1,1,0,0,1,0
1,0,0,0,1,0,0,0,0,1,1,0,1,0,1,0,0,1,1,0,0,0,1,1,0
1,0,0,0,1,0,0,0,1,0,1,0,0,1,1,0,1,0,0,1,0,1,0,1,0
1,0,0,0,1,0,0,0,1,0,1,0,0,1,1,0,1,0,0,1,0,1,0,0,1
1,0,0,0,1,0,0,0,1,0,0,1,0,1,1,0,1,0,0,1,0,1,0,1,0
1,0,0,0,1,0,0,0,1,0,1,0,1,0,1,0,1,0,0,1,0,1,0,1,0
1,0,0,0,1,0,0,0,0,1,1,0,1,0,1,0,1,0,1,0,0,1,0,1,0
1,0,0,0,0,0,0,1,1,0,1,0,1,0,0,1,1,0,0,1,0,1,0,1,0
1,0,0,0,0,0,0,1,1,0,1,0,1,0,1,0,1,0,0,1,0,1,0,1,0
1,0,0,0,0,0,0,1,1,0,0,1,1,0,1,0,1,0,0,1,1,0,0,1,0
1,0,0,0,0,0,0,1,1,0,1,0,1,0,1,0,1,0,0,1,1,0,0,0,1
1,0,0,0,0,0,0,1,0,1,1,0,1,0,1,0,0,1,1,0,0,0,1,1,0
1,0,0,0,0,0,0,1,1,0,1,0,0,1,1,0,1,0,0,1,0,1,0,1,0
1,0,0,0,0,0,0,1,1,0,1,0,0,1,1,0,1,0,0,1,0,1,0,1,0
1,0,0,0,0,0,0,1,1,0,0,1,0,1,1,0,1,0,0,1,0,1,0,1,0
1,0,0,0,0,0,0,1,1,0,1,0,1,0,1,0,1,0,0,1,0,1,0,1,0
1,0,0,0,0,0,0,1,0,1,1,0,1,0,0,1,1,0,1,0,0,1,0,1,0
1,0,0,0,0,0,0,1,1,0,1,0,1,0,1,0,1,0,0,1,0,1,0,0,1
1,0,0,0,0,0,0,1,1,0,1,0,1,0,1,0,1,0,0,1,0,1,0,1,0
1,0,0,0,0,0,0,1,1,0,0,1,1,0,1,0,1,0,0,1,1,0,0,1,0
1,0,0,0,0,0,0,1,1,0,1,0,1,0,1,0,1,0,0,1,1,0,0,1,0
1,0,0,0,0,0,0,1,0,1,1,0,1,0,1,0,0,1,1,0,0,0,1,1,0
1,0,0,1,0,0,0,0,1,0,1,0,0,1,1,0,1,0,0,1,0,1,0,1,0
1,0,0,1,0,0,0,0,1,0,1,0,0,1,1,0,1,0,0,1,0,1,0,1,0
1,0,0,1,0,0,0,0,1,0,0,1,0,1,1,0,1,0,0,1,0,1,0,0,1
1,0,0,1,0,0,0,0,1,0,1,0,1,0,0,1,1,0,0,1,0,1,0,1,0
1,0,0,1,0,0,0,0,0,1,1,0,1,0,1,0,1,0,1,0,0,1,0,1,0
1,0,0,1,0,0,0,0,1,0,1,0,1,0,1,0,1,0,0,1,0,1,0,1,0
1,0,0,1,0,0,0,0,1,0,1,0,1,0,1,0,1,0,0,1,0,1,0,1,0
1,0,0,1,0,0,0,0,1,0,0,1,1,0,1,0,1,0,0,1,1,0,0,1,0
1,0,0,1,0,0,0,0,1,0,1,0,1,0,1,0,1,0,0,1,1,0,0,1,0
1,0,0,1,0,0,0,0,0,1,1,0,1,0,1,0,0,1,1,0,0,0,1,0,1
1,0,0,1,0,0,0,0,1,0,1,0,0,1,1,0,1,0,0,1,0,1,0,1,0
1,0,0,1,0,0,0,0,1,0,1,0,0,1,1,0,1,0,0,1,0,1,0,1,0
1,0,0,1,0,0,0,0,1,0,0,1,0,1,0,1,1,0,0,1,0,1,0,1,0
1,0,0,1,0,0,0,0,1,0,1,0,1,0,1,0,1,0,0,1,0,1,0,1,0
1,0,0,1,0,0,0,0,0,1,1,0,1,0,1,0,1,0,1,0,0,1,0,1,0
0,1,1,0,0,0,0,0,1,0,1,0,1,0,1,0,1,0,0,1,0,1,0,1,0
0,1,1,0,0,0,0,0,1,0,1,0,1,0,1,0,1,0,0,1,0,1,0,0,1
0,1,1,0,0,0,0,0,1,0,0,1,1,0,1,0,1,0,0,1,1,0,0,1,0
0,1,1,0,0,0,0,0,1,0,1,0,1,0,1,0,1,0,0,1,1,0,0,1,0
0,1,1,0,0,0,0,0,0,1,1,0,1,0,1,0,0,1,1,0,0,0,1,1,0
0,1,1,0,0,0,0,0,1,0,1,0,0,1,1,0,1,0,0,1,0,1,0,1,0
0,1,1,0,0,0,0,0,1,0,1,0,0,1,0,1,1,0,0,1,0,1,0,1,0
0,1,1,0,0,0,0,0,1,0,0,1,0,1,1,0,1,0,0,1,0,1,0,1,0
0,1,1,0,0,0,0,0,1,0,1,0,1,0,1,0,1,0,0,1,0,1,0,0,1
0,1,1,0,0,0,0,0,0,1,1,0,1,0,1,0,1,0,1,0,0,1,0,1,0
0,1,1,0,0,0,0,0,1,0,1,0,1,0,1,0,1,0,0,1,0,1,0,1,0
0,1,1,0,0,0,0,0,1,0,1,0,1,0,1,0,1,0,0,1,0,1,0,1,0
0,1,1,0,0,0,0,0,1,0,0,1,1,0,1,0,1,0,0,1,1,0,0,1,0
0,1,1,0,0,0,0,0,1,0,1,0,1,0,1,0,1,0,0,1,1,0,0,1,0
0,1,1,0,0,0,0,0,0,1,1,0,1,0,1,0,0,1,1,0,0,0,1,1,0
0,1,1,0,0,0,0,0,1,0,1,0,0,1,0,1,1,0,0,1,0,1,0,0,1
0,1,1,0,0,0,0,0,1,0,1,0,0,1,1,0,1,0,0,1,0,1,0,1,0
0,1,1,0,0,0,0,0,1,0,0,1,0,1,1,0,1,0,0,1,0,1,0,1,0
0,1,1,0,0,0,0,0,1,0,1,0,1,0,1,0,1,0,0,1,0,1,0,1,0
0,1,1,0,0,0,0,0,0,1,1,0,1,0,1,0,1,0,1,0,0,1,0,1,0
0,1,1,0,0,0,0,0,1,0,1,0,1,0,1,0,1,0,0,1,0,1,0,1,0
0,1,1,0,0,0,0,0,1,0,1,0,1,0,1,0,1,0,0,1,0,1,0,1,0
0,1,1,0,0,0,0,0,1,0,0,1,1,0,1,0,1,0,0,1,1,0,0,0,1
0,1,1,0,0,0,0,0,1,0,1,0,1,0,1,0,1,0,0,1,1,0,0,1,0
0,1,1,0,0,0,0,0,0,1,1,0,1,0,0,1,0,1,1,0,0,0,1,1,0
0,1,1,0,0,0,0,0,1,0,1,0,0,1,1,0,1,0,0,1,0,1,0,1,0
0,1,1,0,0,0,0,0,1,0,1,0,0,1,1,0,1,0,0,1,0,1,0,1,0
0,1,1,0,0,0,0,0,1,0,0,1,0,1,1,0,1,0,0,1,0,1,0,1,0
0,1,1,0,0,0,0,0,1,0,1,0,1,0,1,0,1,0,0,1,0,1,0,1,0
0,1,1,0,0,0,0,0,0,1,1,0,1,0,1,0,1,0,1,0,0,1,0,0,1
0,1,0,0,0,0,1,0,1,0,1,0,1,0,1,0,1,0,0,1,0,1,0,1,0
0,1,0,0,0,0,1,0,1,0,1,0,1,0,1,0,1,0,0,1,0,1,0,1,0
0,1,0,0,0,0,1,0,1,0,0,1,1,0,1,0,1,0,0,1,1,0,0,1,0
0,1,0,0,0,0,1,0,1,0,1,0,1,0,0,1,1,0,0,1,1,0,0,1,0
0,1,0,0,0,0,1,0,0,1,1,0,1,0,1,0,0,1,1,0,0,0,1,1,0
0,1,0,0,0,0,1,0,1,0,1,0,0,1,1,0,1,0,0,1,0,1,0,1,0
0,1,0,0,0,0,1,0,1,0,1,0,0,1,1,0,1,0,0,1,0,1,0,0,1
0,1,0,0,0,0,1,0,1,0,0,1,0,1,1,0,1,0,0,1,0,1,0,1,0
0,1,0,0,0,0,1,0,1,0,1,0,1,0,1,0,1,0,0,1,0,1,0,1,0
0,1,0,0,0,0,1,0,0,1,1,0,1,0,1,0,1,0,1,0,0,1,0,1,0
0,1,0,0,0,0,1,0,1,0,1,0,1,0,1,0,1,0,0,1,0,1,0,1,0
0,1,0,0,0,0,1,0,1,0,1,0,1,0,1,0,1,0,0,1,0,1,0,1,0
0,1,0,0,0,0,1,0,1,0,0,1,1,0,0,1,1,0,0,1,1,0,0,1,0
0,1,0,0,0,0,1,0,1,0,1,0,1,0,1,0,1,0,0,1,1,0,0,0,1
0,1,0,0,0,0,1,0,0,1,1,0,1,0,1,0,0,1,1,0,0,0,1,1,0
0,1,0,0,0,0,0,1,1,0,1,0,0,1,1,0,1,0,0,1,0,1,0,1,0
0,1,0,0,0,0,0,1,1,0,1,0,0,1,1,0,1,0,0,1,0,1,0,1,0
0,1,0,0,0,0,0,1,1,0,0,1,0,1,1,0,1,0,0,1,0,1,0,1,0
0,1,0,0,0,0,0,1,1,0,1,0,1,0,1,0,1,0,0,1,0,1,0,1,0
0,1,0,0,0,0,0,1,0,1,1,0,1,0,1,0,1,0,1,0,0,1,0,1,0
0,1,0,0,0,0,0,1,1,0,1,0,1,0,1,0,1,0,0,1,0,1,0,0,1
0,1,0,0,0,0,0,1,1,0,1,0,1,0,0,1,1,0,0,1,0,1,0,1,0
0,1,0,0,0,0,0,1,1,0,0,1,1,0,1,0,1,0,0,1,1,0,0,1,0
0,1,0,0,0,0,0,1,1,0,1,0,1,0,1,0,1,0,0,1,1,0,0,1,0
0,1,0,0,0,0,0,1,0,1,1,0,1,0,1,0,0,1,1,0,0,0,1,1,0
0,1,0,0,0,0,0,1,1,0,1,0,0,1,1,0,1,0,0,1,0,1,0,1,0
0,1,0,0,0,0,0,1,1,0,1,0,0,1,1,0,1,0,0,1,0,1,0,1,0
0,1,0,0,0,0,0,1,1,0,0,1,0,1,1,0,1,0,0,1,0,1,0,0,1
0,1,0,0,0,0,0,1,1,0,1,0,1,0,1,0,1,0,0,1,0,1,0,1,0
0,1,0,0,0,0,0,1,0,1,1,0,1,0,1,0,1,0,1,0,0,1,0,1,0
0,1,0,0,0,1,0,0,1,0,1,0,1,0,0,1,1,0,0,1,0,1,0,1,0
0,1,0,0,0,1,0,0,1,0,1,0,1,0,1,0,1,0,0,1,0,1,0,1,0
0,1,0,0,0,1,0,0,1,0,0,1,1,0,1,0,1,0,0,1,1,0,0,1,0
0,1,0,0,0,1,0,0,1,0,1,0,1,0,1,0,1,0,0,1,1,0,0,1,0
0,1,0,0,0,1,0,0,0,1,1,0,1,0,1,0,0,1,1,0,0,0,1,0,1
0,1,0,0,0,1,0,0,1,0,1,0,0,1,1,0,1,0,0,1,0,1,0,1,0
0,1,0,0,0,1,0,0,1,0,1,0,0,1,1,0,1,0,0,1,0,1,0,1,0
0,1,0,0,0,1,0,0,1,0,0,1,0,1,1,0,1,0,0,1,0,1,0,1,0
0,1,0,0,0,1,0,0,1,0,1,0,1,0,1,0,1,0,0,1,0,1,0,1,0
0,1,0,0,0,1,0,0,0,1,1,0,1,0,0,1,1,0,1,0,0,1,0,1,0
0,1,0,0,0,1,0,0,1,0,1,0,1,0,1,0,1,0,0,1,0,1,0,1,0
0,1,0,0,0,1,0,0,1,0,1,0,1,0,1,0,1,0,0,1,0,1,0,0,1
0,1,0,0,0,1,0,0,1,0,0,1,1,0,1,0,1,0,0,1,1,0,0,1,0
0,1,0,0,0,1,0,0,1,0,1,0,1,0,0,1,1,0,0,1,1,0,0,0,1
0,1,0,0,0,1,0,0,0,1,1,0,1,0,1,0,0,1,1,0,0,0,1,1,0
